{
    "DisneyPlus": {
        "idserviçe": "DisneyPlus",
        "nome": "Não configurado",
        "footer": "a maioria das contas são unchecks, a maioria pode não funcionar.",
        "banner": "https://cdn.discordapp.com/attachments/1126231664968867991/1127093829821014016/Green_and_Modern_Green_Vibrant_Media_Contact_List_Docs_Banner.png",
        "conta": []
    },
    "!gerar": {
        "idserviçe": "!gerar",
        "nome": "Não configurado",
        "footer": "Olá, espero que estejá gostando de nosso sistema.",
        "banner": "https://cdn.discordapp.com/attachments/1126231664968867991/1127093829821014016/Green_and_Modern_Green_Vibrant_Media_Contact_List_Docs_Banner.png",
        "conta": []
    }
}